metric,baseline
context_recall,0.6021897810218978
context_precision,0.4142944038607399
faithfulness,0.9102433090024331
answer_relevancy,0.42716652171491336
