metric,Baseline
context_recall,0.7698412698412699
context_precision,0.5513447971326828
faithfulness,0.9699546485260772
answer_relevancy,0.5713683901960452
