metric,Verbalizado
context_recall,0.7062499999999999
context_precision,0.3781828703387741
faithfulness,0.8991348563716985
answer_relevancy,0.7322231217168874
