metric,Verbalizado
context_recall,0.7055944055944057
context_precision,0.4106837606512795
faithfulness,0.9425957369829288
answer_relevancy,0.6402159554999075
