metric,Baseline
context_recall,0.5789473684210527
context_precision,0.4212719297954989
faithfulness,0.9579284750337382
answer_relevancy,0.5486873358742859
