metric,verbalizado
context_recall,0.6802919708029197
context_precision,0.49973641520793144
faithfulness,0.926511991657977
answer_relevancy,0.5234871736895845
