metric,Verbalizado
context_recall,0.8333333333333334
context_precision,0.4862874779165043
faithfulness,0.9507936507936509
answer_relevancy,0.6578296304270131
