metric,Baseline
context_recall,0.644988344988345
context_precision,0.44780497276879067
faithfulness,0.9678878813494198
answer_relevancy,0.5628634215634701
