run,metric,baseline
2,context_recall,0.6021897810218978
2,context_precision,0.4123479318411852
2,faithfulness,0.9215328467153285
2,answer_relevancy,0.4309338463867871
