run,metric,verbalizado
5,context_recall,0.6788321167883211
5,context_precision,0.4961273316721982
5,faithfulness,0.9186131386861314
5,answer_relevancy,0.5308468333350242
