run,metric,baseline
2,context_recall,0.7353442728442728
2,context_precision,0.4969594594171396
2,faithfulness,0.9045797736974208
2,answer_relevancy,0.6380506337671771
