run,metric,verbalizado
3,context_recall,0.7102799227799228
3,context_precision,0.46805555551573447
3,faithfulness,0.9511100386100387
3,answer_relevancy,0.6651385647139649
