run,metric,verbalizado
1,context_recall,0.7052123552123551
1,context_precision,0.47256006002025025
1,faithfulness,0.9420527670527671
1,answer_relevancy,0.6980945000005384
