run,metric,verbalizado
2,context_recall,0.7052123552123551
2,context_precision,0.47278528524557684
2,faithfulness,0.9492492492492491
2,answer_relevancy,0.6752118013942965
